DATE,Gross Domestic Product
2015-01-01,18063.529
2015-04-01,18279.784
2015-07-01,18401.626
2015-10-01,18435.137
2016-01-01,18525.933
2016-04-01,18711.702
2016-07-01,18892.639
2016-10-01,19089.379
2017-01-01,19280.084
2017-04-01,19438.643
2017-07-01,19692.595
2017-10-01,20037.088
2018-01-01,20328.553
2018-04-01,20580.912
2018-07-01,20798.73
2018-10-01,20917.867
2019-01-01,21111.6
2019-04-01,21397.938
2019-07-01,21717.171
2019-10-01,21933.217
2020-01-01,21727.657
2020-04-01,19935.444
2020-07-01,21684.551
2020-10-01,22068.767
2021-01-01,22656.793
2021-04-01,23368.861
2021-07-01,23921.991
2021-10-01,24777.038
2022-01-01,25215.491
2022-04-01,25805.791
2022-07-01,26272.011
2022-10-01,26734.277
2023-01-01,27164.359
2023-04-01,27453.815
2023-07-01,27967.697
2023-10-01,28296.967
2024-01-01,28624.069
2024-04-01,29016.714
2024-07-01,29374.914
2024-10-01,29723.864
2025-01-01,29977.632
